{
  "height": 280.18347164408624,
  "id": 2997345535,
  "tabOrder": 1000,
  "width": 280.18347164408624,
  "x": 516.92764535885681,
  "y": 33.665455895219665,
  "z": 1000
}