{
  "height": 487.70898359911467,
  "id": 2995383156,
  "width": 672.07082458430284,
  "x": 215.74257987628397,
  "y": 26.150615742579877,
  "z": 0
}