{
  "height": 48.632218844984806,
  "tabOrder": 4000,
  "width": 1022.2492401215806,
  "x": 122.55319148936171,
  "y": 25.288753799392097,
  "z": 4000
}