{
  "height": 565.71428571428578,
  "id": 2995896763,
  "width": 1139.8250728862974,
  "x": 0,
  "y": 36.734693877551024,
  "z": 0
}