{
  "height": 280.1215805471125,
  "width": 679.87841945288756,
  "x": 0,
  "y": 87.537993920972653,
  "z": 0
}