{
  "height": 377.77859295165729,
  "id": 2989628720,
  "width": 1077.5275776234771,
  "x": 25.757631337612995,
  "y": 197.47517358836632,
  "z": 0
}