{
  "height": 495.39358600583091,
  "id": 2996260511,
  "width": 831.25364431486889,
  "x": 10.495626822157435,
  "y": 0,
  "z": 0
}