{
  "height": 628.68804664723041,
  "id": 2997913088,
  "width": 793.469387755102,
  "x": 10.495626822157435,
  "y": 0,
  "z": 0
}