{
  "height": 532.128279883382,
  "id": 2996087811,
  "width": 682.21574344023327,
  "x": 10.495626822157435,
  "y": 0,
  "z": 0
}