{
  "height": 577.259475218659,
  "id": 2998386234,
  "width": 1044.3148688046647,
  "x": 10.495626822157435,
  "y": 0,
  "z": 0
}