{
  "height": 272.34042553191489,
  "tabOrder": 1000,
  "width": 584.55927051671733,
  "x": 695.44072948328267,
  "y": 87.537993920972653,
  "z": 1000
}